title,url,description,summary
McKinsey Digital,https://www.mckinsey.com/capabilities/mckinsey-digital/how-we-help-clients,"Learn how we help clients harness the power of data and AI, modernize core technology, optimize and automate operations, and fuel digital growth.",No article text found.
McKinsey Digital,https://www.mckinsey.com/capabilities/mckinsey-digital/how-we-help-clients,"Learn how we help clients harness the power of data and AI, modernize core technology, optimize and automate operations, and fuel digital growth.",No article text found.
"Growth, Marketing & Sales",https://www.mckinsey.com/capabilities/growth-marketing-and-sales/how-we-help-clients,"Learn how we help companies strengthen their marketing capabilities by advising them on digital processes, analytics, pricing, channel and sales management, and branding.",No article text found.
"Growth, Marketing & Sales",https://www.mckinsey.com/capabilities/growth-marketing-and-sales/how-we-help-clients,"Learn how we help companies strengthen their marketing capabilities by advising them on digital processes, analytics, pricing, channel and sales management, and branding.",No article text found.
Implementation,https://www.mckinsey.com/capabilities/implementation/how-we-help-clients,"Learn how we help organizations accelerate execution to achieve long-term performance improvement and measurable, bottom-line results.",No article text found.
Implementation,https://www.mckinsey.com/capabilities/implementation/how-we-help-clients,"Learn how we help organizations accelerate execution to achieve long-term performance improvement and measurable, bottom-line results.",No article text found.
M&A,https://www.mckinsey.com/capabilities/m-and-a/how-we-help-clients,"Learn how we partner with clients to maximize the success of their M&A activities, including portfolio transformation, strategy, execution, and capability building.",No article text found.
M&A,https://www.mckinsey.com/capabilities/m-and-a/how-we-help-clients,"Learn how we partner with clients to maximize the success of their M&A activities, including portfolio transformation, strategy, execution, and capability building.",No article text found.
Operations,https://www.mckinsey.com/capabilities/operations/how-we-help-clients,Learn how we connect boardroom strategies to the frontline—infusing technology and rapidly delivering lasting transformations enabled by capability building.,No article text found.
Operations,https://www.mckinsey.com/capabilities/operations/how-we-help-clients,Learn how we connect boardroom strategies to the frontline—infusing technology and rapidly delivering lasting transformations enabled by capability building.,No article text found.
People & Organizational Performance,https://www.mckinsey.com/capabilities/people-and-organizational-performance/how-we-help-clients,Learn how we help clients develop a workforce that can thrive through disruption so you can realize your strategy today and sustain performance in the future.,No article text found.
People & Organizational Performance,https://www.mckinsey.com/capabilities/people-and-organizational-performance/how-we-help-clients,Learn how we help clients develop a workforce that can thrive through disruption so you can realize your strategy today and sustain performance in the future.,No article text found.
Risk & Resilience,https://www.mckinsey.com/capabilities/risk-and-resilience/how-we-help-clients,"Learn how we help our clients better understand, prepare for, and manage risks to ensure institutional resilience in an ever-changing world.",No article text found.
Risk & Resilience,https://www.mckinsey.com/capabilities/risk-and-resilience/how-we-help-clients,"Learn how we help our clients better understand, prepare for, and manage risks to ensure institutional resilience in an ever-changing world.",No article text found.
Strategy & Corporate Finance,https://www.mckinsey.com/capabilities/strategy-and-corporate-finance/how-we-help-clients,"Learn how we help clients develop and implement bold strategies by providing advice on valuation, financial analysis and modeling, transaction support, capital markets and treasury.",No article text found.
Strategy & Corporate Finance,https://www.mckinsey.com/capabilities/strategy-and-corporate-finance/how-we-help-clients,"Learn how we help clients develop and implement bold strategies by providing advice on valuation, financial analysis and modeling, transaction support, capital markets and treasury.",No article text found.
McKinsey Sustainability,https://www.mckinsey.com/capabilities/sustainability/how-we-help-clients,"Learn how we work with leaders across all sectors to achieve net zero, safeguarding our planet and advancing sustainability.",No article text found.
McKinsey Sustainability,https://www.mckinsey.com/capabilities/sustainability/how-we-help-clients,"Learn how we work with leaders across all sectors to achieve net zero, safeguarding our planet and advancing sustainability.",No article text found.
McKinsey Transformation,https://www.mckinsey.com/capabilities/transformation/how-we-help-clients,"Learn how our approach to transformation powers comprehensive, rapid, and enduring organizational change.",No article text found.
McKinsey Transformation,https://www.mckinsey.com/capabilities/transformation/how-we-help-clients,"Learn how our approach to transformation powers comprehensive, rapid, and enduring organizational change.",No article text found.
